{"cameraMode":{"drawMode":0,"name":"Shaded","section":"Shading Mode"},"sceneLighting":false,"audioPlay":false,"sceneViewState":{"m_AlwaysRefresh":false,"showFog":true,"showSkybox":false,"showFlares":true,"showImageEffects":true,"showParticleSystems":true,"showVisualEffectGraphs":true,"m_FxEnabled":true},"in2DMode":false,"pivot":{"x":-3.776700019836426,"y":3.428999900817871,"z":7.075000286102295},"rotation":{"x":0.004540364257991314,"y":-0.9882625341415405,"z":0.1497642993927002,"w":0.029949625954031946},"size":3.4490413665771486,"orthographic":false}